商品名字,问题,答案
玉树冬虫夏草4条/克野生冬虫草那曲礼盒虫草正品冬虫草1克4根西藏,品质好吗？,品质好呢，都是精选过的，每一根都比较饱满的。高海拔的虫草，放心哦
玉树冬虫夏草4条/克野生冬虫草那曲礼盒虫草正品冬虫草1克4根西藏,正吗？重量对得上吗,质量可以的
玉树冬虫夏草4条/克野生冬虫草那曲礼盒虫草正品冬虫草1克4根西藏,是真的吗,真的，非常好
玉树冬虫夏草4条/克野生冬虫草那曲礼盒虫草正品冬虫草1克4根西藏,是真的冬虫夏草吗,是吧，我穷，买了一份，来的真是。。好小啊
玉树冬虫夏草4条/克野生冬虫草那曲礼盒虫草正品冬虫草1克4根西藏,这个虫草好吗？是多久的虫草？,挺漂亮的。但是多久不会看
玉树冬虫夏草4条/克野生冬虫草那曲礼盒虫草正品冬虫草1克4根西藏,是正品吗,应该是
玉树冬虫夏草4条/克野生冬虫草那曲礼盒虫草正品冬虫草1克4根西藏,是正品吧，口感怎么样,很好，买了好几次了
玉树冬虫夏草4条/克野生冬虫草那曲礼盒虫草正品冬虫草1克4根西藏,一克有多少？,500g是一斤
玉树冬虫夏草4条/克野生冬虫草那曲礼盒虫草正品冬虫草1克4根西藏,味道怎么样,一般干货味道，形容不出来，我是熬汤的……一股汤味………
玉树冬虫夏草4条/克野生冬虫草那曲礼盒虫草正品冬虫草1克4根西藏,味道怎么样？难喝吗？,还??以
秦仁堂玉树冬虫夏草4条/克野生冬虫草那曲礼盒东正品2克8根西藏,总共就2克吗,2克8根
秦仁堂玉树冬虫夏草4条/克野生冬虫草那曲礼盒东正品2克8根西藏,总共就2克吗,八根
秦仁堂玉树冬虫夏草4条/克野生冬虫草那曲礼盒东正品2克8根西藏,是正品吗,我没有到过那里看，买给老人吃的
秦仁堂玉树冬虫夏草4条/克野生冬虫草那曲礼盒东正品2克8根西藏,是正品吗,不知道
秦仁堂玉树冬虫夏草4条/克野生冬虫草那曲礼盒东正品2克8根西藏,有效果吗,应该是正品，我都第二次购买了
秦仁堂玉树冬虫夏草4条/克野生冬虫草那曲礼盒东正品2克8根西藏,这家的冬虫夏草质量好不好，有没有假草，牙签草，和断的？,我买了几次了，都挺好的
秦仁堂玉树冬虫夏草4条/克野生冬虫草那曲礼盒东正品2克8根西藏,是真的吗,是真的
秦仁堂玉树冬虫夏草4条/克野生冬虫草那曲礼盒东正品2克8根西藏,是真的吗,是真的，值得信赖
秦仁堂玉树冬虫夏草4条/克野生冬虫草那曲礼盒东正品2克8根西藏,小孩可以吃吗,应该可以吃  但孩子身体没有啥问题 不需要吃吧
秦仁堂玉树冬虫夏草4条/克野生冬虫草那曲礼盒东正品2克8根西藏,可以就咸菜吃吗？,太重口味了吧。。。。不能吧，没试过
秦仁堂玉树冬虫夏草4条/克野生冬虫草那曲礼盒东正品2克8根西藏,效果如何,我就买了几根 估计要长吃有效果吧
秦仁堂玉树冬虫夏草4条/克野生冬虫草那曲礼盒东正品2克8根西藏,效果真的好吗？,说的什么效果？
秦仁堂玉树冬虫夏草4条/克野生冬虫草那曲礼盒东正品2克8根西藏,多少根？？,一克是四条    上面有标注
秦仁堂玉树冬虫夏草4条/克野生冬虫草那曲礼盒东正品2克8根西藏,问一下，这虫草每只是多少对脚的,四对，八足
秦仁堂玉树冬虫夏草4条/克野生冬虫草那曲礼盒东正品2克8根西藏,怎么吃？4根能吃多久呢？,感觉还可以。每次2根，去炖汤，一个人份。
秦仁堂玉树冬虫夏草4条/克野生冬虫草那曲礼盒东正品2克8根西藏,炖只鸡要放多少根,4根及以上。毕竟水多嘛
秦仁堂玉树冬虫夏草4条/克野生冬虫草那曲礼盒东正品2克8根西藏,这个怎么样,还可以
秦仁堂玉树冬虫夏草4条/克野生冬虫草那曲礼盒东正品2克8根西藏,个头怎么样,感觉比签字笔要粗一些
秦仁堂玉树冬虫夏草4条/克野生冬虫草那曲礼盒东正品2克8根西藏,请问是不是正宗虫草,反正爸妈用了都说好
秦仁堂玉树冬虫夏草4条/克野生冬虫草那曲礼盒东正品2克8根西藏,怎么样，正宗吗？,效果不错，是正宗
正宗野生西藏那曲冬虫夏草平均0.27g/根正品新鲜大草 附礼盒装,一共多少可？几根？,要看规格的，0.33规格的5根是698元，0.27规格的10根是880元
正宗野生西藏那曲冬虫夏草平均0.27g/根正品新鲜大草 附礼盒装,一份有几根？,不知道
正宗野生西藏那曲冬虫夏草平均0.27g/根正品新鲜大草 附礼盒装,能治疗癌症吗？,提高机体免疫力
正宗野生西藏那曲冬虫夏草平均0.27g/根正品新鲜大草 附礼盒装,能治疗癌症吗？,不知道
正宗野生西藏那曲冬虫夏草平均0.27g/根正品新鲜大草 附礼盒装,怎么食用比较好？,最简单的，粉面，哈哈，不行你泡酒，在不行煮肉吃
正宗野生西藏那曲冬虫夏草平均0.27g/根正品新鲜大草 附礼盒装,煲汤要放十几根这怎么吃的起呀,。。。嗯，是挺贵的对我来说。。
正宗野生西藏那曲冬虫夏草平均0.27g/根正品新鲜大草 附礼盒装,大家买了，是正品的虫草吗？,一直在吃，效果还不错，老爷子拿来泡酒的，我喝不了那个酒，太辣，没事干嚼过一根，挺有嚼劲，一开始不知道，我们还把那个草头给剪掉了，后来才知道要一起吃
正宗野生西藏那曲冬虫夏草平均0.27g/根正品新鲜大草 附礼盒装,你们买的是多大规格的虫草啊,0.33克
正宗野生西藏那曲冬虫夏草平均0.27g/根正品新鲜大草 附礼盒装,这个可以用来泡酒吗？你们有用来泡酒过吗？,这个没有，不过可以用来泡酒，我见过的
正宗野生西藏那曲冬虫夏草平均0.27g/根正品新鲜大草 附礼盒装,寄过来会断吗？,不会啊，不过太暴力快递，就不知道了
正宗野生西藏那曲冬虫夏草平均0.27g/根正品新鲜大草 附礼盒装,两岁的孩子能吃吗？,小孩子还是不要吃这吧
正宗野生西藏那曲冬虫夏草平均0.27g/根正品新鲜大草 附礼盒装,冬虫夏草主要有那些功效？,百度吧，兄弟这个你都问
正宗野生西藏那曲冬虫夏草平均0.27g/根正品新鲜大草 附礼盒装,可以把那个舌头去掉吗,不能
正宗野生西藏那曲冬虫夏草平均0.27g/根正品新鲜大草 附礼盒装,提高免疫力吗,效果还是可以的
正宗野生西藏那曲冬虫夏草平均0.27g/根正品新鲜大草 附礼盒装,可以用来泡脚么  能不能除脚气,你开心就好
正宗野生西藏那曲冬虫夏草平均0.27g/根正品新鲜大草 附礼盒装,大概要煮多久？,半个小时
礼亲堂那曲冬虫夏草正品野生冬虫草正宗可礼盒东10克顺丰西藏,大家返现返多少？,没有返现啊！
礼亲堂那曲冬虫夏草正品野生冬虫草正宗可礼盒东10克顺丰西藏,质量怎样,不错，很正宗的那曲货，懂虫草的看的出来
礼亲堂那曲冬虫夏草正品野生冬虫草正宗可礼盒东10克顺丰西藏,质量怎样,可以，个人觉得很值
礼亲堂那曲冬虫夏草正品野生冬虫草正宗可礼盒东10克顺丰西藏,感觉正吗？,靠感觉吗？我感觉，我认为，我觉得......不，拒绝0.001%的疑惑，认准正规证书才是可取之道。由GMP药厂检测合格，出具报告。有质检，才有100%的安心！入口得安全！
礼亲堂那曲冬虫夏草正品野生冬虫草正宗可礼盒东10克顺丰西藏,虫草是真品吗？有没有滋补的作用？,是真货，是否有效果看你主要治疗哪方面了，一般来说虫草对肾和肺的功效特别明显
礼亲堂那曲冬虫夏草正品野生冬虫草正宗可礼盒东10克顺丰西藏,这么多好评是托吗？求真买家响应下？这个草是真品吗？因为买来是病后恢复吃的……,真的，效果可以
礼亲堂那曲冬虫夏草正品野生冬虫草正宗可礼盒东10克顺丰西藏,是不是桑蚕感染虫草菌培植的？,很明显不是
礼亲堂那曲冬虫夏草正品野生冬虫草正宗可礼盒东10克顺丰西藏,是正品吗,是正品
礼亲堂那曲冬虫夏草正品野生冬虫草正宗可礼盒东10克顺丰西藏,是正品吗？有人拿去验证过吗？,是正品那曲草，买了好几次了，效果还可以
礼亲堂那曲冬虫夏草正品野生冬虫草正宗可礼盒东10克顺丰西藏,真的有50根吗？,差不多，没细数过，不过这个是称重的吧？
礼亲堂那曲冬虫夏草正品野生冬虫草正宗可礼盒东10克顺丰西藏,这家虫草百分之百真的吗,是真的，实惠，放心购
礼亲堂那曲冬虫夏草正品野生冬虫草正宗可礼盒东10克顺丰西藏,效果好吗。,吃了效果比不吃肯定好
礼亲堂那曲冬虫夏草正品野生冬虫草正宗可礼盒东10克顺丰西藏,请问效果怎么样？对咳嗽咽喉痛有效吗？对改善体质 抗疲劳有效吗？谢谢,养生啊，觉得喝了挺好的
礼亲堂那曲冬虫夏草正品野生冬虫草正宗可礼盒东10克顺丰西藏,虫草有啥用 能治病吗 还是能提高免疫力,你百度不就知道了，作用很广
礼亲堂那曲冬虫夏草正品野生冬虫草正宗可礼盒东10克顺丰西藏,吃这个可以提高IQ 吗,没听说过，只知道可以调理身体
礼亲堂那曲冬虫夏草正品野生冬虫草正宗可礼盒东10克顺丰西藏,这个怎么样的，好不好的,很好
礼亲堂那曲冬虫夏草正品野生冬虫草正宗可礼盒东10克顺丰西藏,亲们，确定是正宗的吗,不知，没吃
礼亲堂那曲冬虫夏草正品野生冬虫草正宗可礼盒东10克顺丰西藏,买过他们家雪蛤，超级好，一直吃。但虫草还真没在这里买过，大家觉得如何，一样好吗？,感谢您对咱们雪蛤的喜爱，咱们虫草也是一样好的哦，您可以放心购买呢，一定能让您满意的。咱们店铺的宗旨可是全是好货哦！
礼亲堂那曲冬虫夏草正品野生冬虫草正宗可礼盒东10克顺丰西藏,这东西可以让我的小弟弟变大变粗吗？,还多妹子都经常跟我吐槽又大又粗不如硬，这个可以变硬，只有硬才是硬道理
礼亲堂那曲冬虫夏草正品野生冬虫草正宗可礼盒东10克顺丰西藏,请问大家可以泡水喝吗？,可以
礼亲堂那曲冬虫夏草正品野生冬虫草正宗可礼盒东10克顺丰西藏,可以壮阳不,可以
礼亲堂那曲冬虫夏草正品野生冬虫草正宗可礼盒东10克顺丰西藏,种植的吗。。。好不好吃,就是野生的啊，虫草有种植的吗？好不好吃看你怎么做了，我喜欢煮粥吃。
礼亲堂那曲冬虫夏草正品野生冬虫草正宗可礼盒东10克顺丰西藏,这个是湿的还是干的,干的
东仔 西藏那曲冬虫夏草正品野生0.2克一根装正宗那曲虫草体验装,是正品吗,是正品，值得购买
东仔 西藏那曲冬虫夏草正品野生0.2克一根装正宗那曲虫草体验装,是正品吗？,是，0.2克很小
东仔 西藏那曲冬虫夏草正品野生0.2克一根装正宗那曲虫草体验装,请问是一条吗,是一小根虫草，外赠一小袋黑枸杞和一朵灵芝
东仔 西藏那曲冬虫夏草正品野生0.2克一根装正宗那曲虫草体验装,就一条吗？,对…买了才知道是这么计算的
东仔 西藏那曲冬虫夏草正品野生0.2克一根装正宗那曲虫草体验装,吃了能成仙吗？,要不你买点吃了试试吧！说不定那天就成仙了
东仔 西藏那曲冬虫夏草正品野生0.2克一根装正宗那曲虫草体验装,这么便宜？是真的冬虫夏草吗？,这款是那曲一克5条的冬虫夏草，一条装，一天32元亲
青海玉树冬虫夏草正品  野生虫草4条/g无断草10克40根 可礼盒顺丰,质量好吗,质量可以，就是个头小一点，毕竟价格在那里。
青海玉树冬虫夏草正品  野生虫草4条/g无断草10克40根 可礼盒顺丰,质量怎么样,"还可以，干度足

还可以，干度足"
青海玉树冬虫夏草正品  野生虫草4条/g无断草10克40根 可礼盒顺丰,有好评返现吗，,没有
青海玉树冬虫夏草正品  野生虫草4条/g无断草10克40根 可礼盒顺丰,大家觉得怎么样啊？,感觉很好，干净，足干，新鲜，各部分完整，无断草。
青海玉树冬虫夏草正品  野生虫草4条/g无断草10克40根 可礼盒顺丰,大家吃后觉得怎么样？,这种保健品吃了不会一下就有感觉
青海玉树冬虫夏草正品  野生虫草4条/g无断草10克40根 可礼盒顺丰,是正品吗？有没有效果,是正品，凭经验，感觉质量不错。完整，足干，干净，新鲜。效果不知道，我家一般是每年冬至开始吃，一人一次一克左右，早上空腹吃，大约50克，吃完即止。没有特别作为药品，主要是加强免疫力的，所以没有特别明显的效果，倒是很少生病。如果需要治疗什么？建议问一下中医，估计用量会不同。
青海玉树冬虫夏草正品  野生虫草4条/g无断草10克40根 可礼盒顺丰,怎样就辨别是否是正品了,可能看颜色吧，我拿给那些老人看一下就知道了，是正品来的
青海玉树冬虫夏草正品  野生虫草4条/g无断草10克40根 可礼盒顺丰,小孩子可以吃吗.天天吃可以吗,据说，冬虫夏草还是含有雄激素的，个人觉得太小还是不吃为好！但是，我们同事的小朋友咳喘非常厉害，早期治疗不及时，后来一感冒就咳，一咳就喘，伴有心机增大，中医建议他用冬虫夏草炖老鸭，吃了很长的时间，还是有效果的。建议，如果没有必要，还是大点再吃，要不问一下中医。
青海玉树冬虫夏草正品  野生虫草4条/g无断草10克40根 可礼盒顺丰,这个孕妇可以吃吗,应该可以，具体你问问店家。
青海玉树冬虫夏草正品  野生虫草4条/g无断草10克40根 可礼盒顺丰,效果好吗,吃完了，目前没感觉
青海玉树冬虫夏草正品  野生虫草4条/g无断草10克40根 可礼盒顺丰,这个对提高免疫力效果很好吗？,是的，特别是抵抗力低的最好
青海玉树冬虫夏草正品  野生虫草4条/g无断草10克40根 可礼盒顺丰,虫草质量怎样，新不新鲜,非专业，无法给您确定好与坏，吐槽的是包装挺低档的……
青海玉树冬虫夏草正品  野生虫草4条/g无断草10克40根 可礼盒顺丰,正宗吗？,应该是正宗的
青海玉树冬虫夏草正品  野生虫草4条/g无断草10克40根 可礼盒顺丰,是正品吗,是
青海玉树冬虫夏草正品  野生虫草4条/g无断草10克40根 可礼盒顺丰,是正品吗,不错，就是个头小点，不过价格在那里。
青海玉树冬虫夏草正品  野生虫草4条/g无断草10克40根 可礼盒顺丰,有重金属吗,没有
【头期新草】正宗玉树冬虫夏草 野生正品虫草3条1克 5克装可礼盒,是正品吗,很好，个大饱满
【头期新草】正宗玉树冬虫夏草 野生正品虫草3条1克 5克装可礼盒,是正品吗,是的
【头期新草】正宗玉树冬虫夏草 野生正品虫草3条1克 5克装可礼盒,质量怎么样,买了几次了，质量都很好
【头期新草】正宗玉树冬虫夏草 野生正品虫草3条1克 5克装可礼盒,质量怎么样？,假的3条一克，应该是3.6条左右一克的，都是骗人的。
【头期新草】正宗玉树冬虫夏草 野生正品虫草3条1克 5克装可礼盒,真实的吗，有什么好处？,真的，具体的好处建议你去百度，答案会更加完善
【头期新草】正宗玉树冬虫夏草 野生正品虫草3条1克 5克装可礼盒,怎么做比较好呀,煲汤比较合适，
【头期新草】正宗玉树冬虫夏草 野生正品虫草3条1克 5克装可礼盒,怎么判断品质好坏呢？,医药公司
【头期新草】正宗玉树冬虫夏草 野生正品虫草3条1克 5克装可礼盒,这个是正品吗？,药店老师傅看过，说是正品
【头期新草】正宗玉树冬虫夏草 野生正品虫草3条1克 5克装可礼盒,是正品吗？,是的 这个很好呢
【头期新草】正宗玉树冬虫夏草 野生正品虫草3条1克 5克装可礼盒,一条有多重,3条一克    一条也就0.33克左右
【头期新草】正宗玉树冬虫夏草 野生正品虫草3条1克 5克装可礼盒,一条有几克？,您看得是3条一克的，平均一条有0.33克哦
【头期新草】正宗玉树冬虫夏草 野生正品虫草3条1克 5克装可礼盒,请问是正品吗,什么叫正品？
【头期新草】正宗玉树冬虫夏草 野生正品虫草3条1克 5克装可礼盒,是正品吗,是的
【头期新草】正宗玉树冬虫夏草 野生正品虫草3条1克 5克装可礼盒,可以活血吗，懂的亲,益精，也可以说补血，活血吃三七啊。
【头期新草】正宗玉树冬虫夏草 野生正品虫草3条1克 5克装可礼盒,包装怎么样？送人看起来大器不,东西挺好的，比商场便宜好多
【头期新草】正宗玉树冬虫夏草 野生正品虫草3条1克 5克装可礼盒,是野生的吗?喝了补吗?,很补硬的不行
【头期新草】正宗玉树冬虫夏草 野生正品虫草3条1克 5克装可礼盒,真是野生的吗,应该是真的，已经吃过了。
【头期新草】正宗玉树冬虫夏草 野生正品虫草3条1克 5克装可礼盒,这个对提高免疫力效果真的好吗？,没有东西是可以直接提高免疫力的，我都试过打针……要食疗+运动+良好的作息
【头期新草】正宗玉树冬虫夏草 野生正品虫草3条1克 5克装可礼盒,效果怎么样啊？,效果挺好的
【头期新草】正宗玉树冬虫夏草 野生正品虫草3条1克 5克装可礼盒,是正品吗？,是正品很好
【头期新草】正宗玉树冬虫夏草 野生正品虫草3条1克 5克装可礼盒,是正品吗？味道怎么样,是的
【头期新草】正宗玉树冬虫夏草 野生正品虫草3条1克 5克装可礼盒,足量吗？,足量
【头期新草】正宗玉树冬虫夏草 野生正品虫草3条1克 5克装可礼盒,怎么用法？,我已经吃了好几个月虫草了，是隔水蒸，水开6-10分钟即可先饮此水后吃掉虫草。我买过好几家，只要是真虫草，应该有效果，自己原来咳喘厉害，现在好多了。天气冷了要防止复发。
【头期新草】正宗玉树冬虫夏草 野生正品虫草3条1克 5克装可礼盒,至亲重病，求问这个是真的虫草吗？,买了许多次了，是真的，挺不错的。
【头期新草】正宗玉树冬虫夏草 野生正品虫草3条1克 5克装可礼盒,大家买了怎么样啊,可以，效果很好，跟药店买的一样，但是比药店便宜很多，质量也好很多
【头期新草】正宗玉树冬虫夏草 野生正品虫草3条1克 5克装可礼盒,是正品吗,是的
【头期新草】正宗玉树冬虫夏草 野生正品虫草3条1克 5克装可礼盒,这个是正品吗,是的，我一直买这家的，质量比较好
【头期新草】正宗玉树冬虫夏草 野生正品虫草3条1克 5克装可礼盒,这个用什么煲汤最好呢？,瘦肉
【头期新草】正宗玉树冬虫夏草 野生正品虫草3条1克 5克装可礼盒,虫草和什么煲汤喝最好,鸽子汤还不错
【头期新草】正宗玉树冬虫夏草 野生正品虫草3条1克 5克装可礼盒,跟烟屁股比的话大多少,这……差距太大了，烟屁股这么大的肯定是特供了。
【头期新草】正宗玉树冬虫夏草 野生正品虫草3条1克 5克装可礼盒,这个正宗吗,我吃了，感觉是真的，味道也不错，而效果的体现是需要循序渐进的。只吃第一个饼是不会饱的。呵呵
【头期新草】正宗玉树冬虫夏草 野生正品虫草3条1克 5克装可礼盒,各年龄的也可以吃吗,给爸妈买的
2017冬虫夏草4根条1克精选正品野生青海玉树西藏那曲礼盒装无断草,真的有那么好？,嗯嗯是的，效果确实不错吃了几天，睡眠明显好多了，人也精神了许多|
2017冬虫夏草4根条1克精选正品野生青海玉树西藏那曲礼盒装无断草,颜色正吗，是当年产的吗?,颜色金黄色，已还是今年的，看着还比较新鲜没有黑的。
2017冬虫夏草4根条1克精选正品野生青海玉树西藏那曲礼盒装无断草,是正品吗？质量怎么样啊？,是正品，和实体店的质量一样，价格还便宜，我之前在实体店买过，贵好多
2017冬虫夏草4根条1克精选正品野生青海玉树西藏那曲礼盒装无断草,这家的冬虫夏草质量好不好，有没有假草，牙签草，和断的？,质量挺好的，我买的里面没有断的和牙签的，都是整根的，也很饱满得，值得购买
玉树冬虫夏草4根条1g 精选西藏那曲东虫草正品野生无断草礼盒装,质量好不好,自家采挖的新草，品质很好的！
玉树冬虫夏草4根条1g 精选西藏那曲东虫草正品野生无断草礼盒装,真的有老板抱着的那么大条吗？,没有这么大的虫草，应该是模型
玉树冬虫夏草4根条1g 精选西藏那曲东虫草正品野生无断草礼盒装,是正品吗,他家草不错，一直在坚持吃，是正品！
玉树冬虫夏草4根条1g 精选西藏那曲东虫草正品野生无断草礼盒装,是正品吗,跟我在药店买的一样哦
玉树冬虫夏草4根条1g 精选西藏那曲东虫草正品野生无断草礼盒装,我的体质比较差，怎么吃才能更有效果？,煲鸽子汤，一星期一次，一次3到4根虫草煲一只鸽子，坚持一年会有明显效果效果！
玉树冬虫夏草4根条1g 精选西藏那曲东虫草正品野生无断草礼盒装,是野生的吗？效果怎样？,他家虫草不错 比在药房买的好一些 应该是野生虫草 原产地青海发货的 老板看着也实在 主要是有实体店 不怕找不到人
玉树冬虫夏草4根条1g 精选西藏那曲东虫草正品野生无断草礼盒装,请问冬虫夏草的品质怎么样？颜色怎么样？,他家的虫草还不错，大小均匀，颜色黄
玉树冬虫夏草4根条1g 精选西藏那曲东虫草正品野生无断草礼盒装,请问冬虫夏草的品质怎么样？颜色怎么样？,虫草质量不错，很均匀！
玉树冬虫夏草4根条1g 精选西藏那曲东虫草正品野生无断草礼盒装,他家的虫草大小均匀吗,还可以，比我在药店买的好很多！
玉树冬虫夏草4根条1g 精选西藏那曲东虫草正品野生无断草礼盒装,里面的虫草大小均匀吗?,收到货了，大小比较均匀的，整体还不错
【买就送同款】冬虫夏草正品西藏那曲野生虫草新鲜干草6根/克,效果好吗,挺好的，给父母补身体的，慢型的得长时间看呢。
【买就送同款】冬虫夏草正品西藏那曲野生虫草新鲜干草6根/克,效果怎么样,不知道。一点点，吃不出什么效果
【买就送同款】冬虫夏草正品西藏那曲野生虫草新鲜干草6根/克,是不是真的啊，质量怎么样啊,就像一条毛毛虫
【买就送同款】冬虫夏草正品西藏那曲野生虫草新鲜干草6根/克,大家买的品质怎么样？,这家的虫草品质还是信得过的
【买就送同款】冬虫夏草正品西藏那曲野生虫草新鲜干草6根/克,是正品吗,可能是人工养殖的吧，买给妈妈吃的
【买就送同款】冬虫夏草正品西藏那曲野生虫草新鲜干草6根/克,味道可以么，正品么,是正品   品质很好   买了很多次了
【买就送同款】冬虫夏草正品西藏那曲野生虫草新鲜干草6根/克,好不好啊,还可以，大小你要看清楚就行
【买就送同款】冬虫夏草正品西藏那曲野生虫草新鲜干草6根/克,是野生的吗？,我们家的是正宗的那曲野生虫草  保证品质的哦
【买就送同款】冬虫夏草正品西藏那曲野生虫草新鲜干草6根/克,人工养殖吗？,现在这个价位的虫草可能都是人工养殖吧，毕竟野生的现在太少了
【买就送同款】冬虫夏草正品西藏那曲野生虫草新鲜干草6根/克,我想买十克是几根,大概60左右，看大小
【买就送同款】冬虫夏草正品西藏那曲野生虫草新鲜干草6根/克,是正的吗，吃了效,虫草这个东西要长期吃才有效果的  比如2个月左右
【买就送同款】冬虫夏草正品西藏那曲野生虫草新鲜干草6根/克,你们买到的够干燥吗，会不会很潮,还行\真假就不晓得了:呵呵呵！
【买就送同款】冬虫夏草正品西藏那曲野生虫草新鲜干草6根/克,运输过程中会不会段,不会
冬虫夏草 西藏那曲野生冬虫草正品4条/克 正宗无断草玉树礼盒顺丰,你好  这里面是多少克？求解。,50克的，店家人挺好，你可以要求店家你需要多少了都可以
冬虫夏草 西藏那曲野生冬虫草正品4条/克 正宗无断草玉树礼盒顺丰,真实买过的朋友，虫草捏起来软不软，有没有很空的感觉？,亲，虫草品质挺好，每一根都特别饱满，用手捏起来很结实，干度好，是今年的野生正品新虫草，您可以放心购买！
冬虫夏草 西藏那曲野生冬虫草正品4条/克 正宗无断草玉树礼盒顺丰,请问是真草吗？网上价格不一，买给家人病断根的,亲，您好，是正宗野生西藏那曲冬虫夏草，品质您放心，都是今年的新草，是我和我的家人一起去雪山草原采挖的，毕竟一份钱一分货，亲，品质不同，价格也不同，您放心购买啊，品质给您保证好！
【西藏原生态】云麓冬虫夏草正宗西藏那曲新鲜虫草正品礼盒5条/克,克数够吗,我相信老板是个诚心的人
【西藏原生态】云麓冬虫夏草正宗西藏那曲新鲜虫草正品礼盒5条/克,送礼盒吗？,我10克送的。这礼盒也不值钱，拍得较多么也没问题的。
【西藏原生态】云麓冬虫夏草正宗西藏那曲新鲜虫草正品礼盒5条/克,亲是正品吗,是的 值得购买
【西藏原生态】云麓冬虫夏草正宗西藏那曲新鲜虫草正品礼盒5条/克,是正品吗,是
【西藏原生态】云麓冬虫夏草正宗西藏那曲新鲜虫草正品礼盒5条/克,吃多少才有效果,保健的心态
【西藏原生态】云麓冬虫夏草正宗西藏那曲新鲜虫草正品礼盒5条/克,可以当糖吃么？？？,可以，直接食用
【西藏原生态】云麓冬虫夏草正宗西藏那曲新鲜虫草正品礼盒5条/克,亲们，问一下这个质量怎么样,很不错 我在这家店里已经购买了两次 客服态度很不错非常有耐心的讲解产品 物流特别快 还有一个就是有小礼品
【西藏原生态】云麓冬虫夏草正宗西藏那曲新鲜虫草正品礼盒5条/克,效果怎么样,那曲正宗虫草，效果很明显
【西藏原生态】云麓冬虫夏草正宗西藏那曲新鲜虫草正品礼盒5条/克,是整科的吗？,整条的，不错
【西藏原生态】云麓冬虫夏草正宗西藏那曲新鲜虫草正品礼盒5条/克,好吃么？？？开坦克会不会速度更快？,那是一定的 值得购买
【西藏原生态】云麓冬虫夏草正宗西藏那曲新鲜虫草正品礼盒5条/克,难吃吗，什么味道的,有点轻微的菌类土腥味，不难吃。
【西藏原生态】云麓冬虫夏草正宗西藏那曲新鲜虫草正品礼盒5条/克,请问是正宗的吗？谢谢！,不会辨认。但卖家送了假草来对比
【西藏原生态】云麓冬虫夏草正宗西藏那曲新鲜虫草正品礼盒5条/克,请问是否正宗的,品质还不错
【西藏原生态】云麓冬虫夏草正宗西藏那曲新鲜虫草正品礼盒5条/克,是不是真的,不是假的
【西藏原生态】云麓冬虫夏草正宗西藏那曲新鲜虫草正品礼盒5条/克,是麻草？还是黄草？还是？,冬虫夏草
西藏那曲冬虫夏草正品野生新鲜虫草4条/克顺丰非断草玉树可选礼盒,一共多少条啊,没数过
西藏那曲冬虫夏草正品野生新鲜虫草4条/克顺丰非断草玉树可选礼盒,你好，是真货吗？,是真货，挺不错的
西藏那曲冬虫夏草正品野生新鲜虫草4条/克顺丰非断草玉树可选礼盒,虫草质量怎么样,自己买过 觉得不错 送礼也上档次
西藏那曲冬虫夏草正品野生新鲜虫草4条/克顺丰非断草玉树可选礼盒,质量怎么样？ 很干吗？,质量棒棒哒，和实体店一样，但是比实体店便宜。
西藏那曲冬虫夏草正品野生新鲜虫草4条/克顺丰非断草玉树可选礼盒,怎么样？是真的吗？,我婆婆经常买，她说是真的，条条都很饱满。
西藏那曲冬虫夏草正品野生新鲜虫草4条/克顺丰非断草玉树可选礼盒,是西藏那曲的冬虫夏草吗？品质怎么样,是西藏那曲的，长期吃比较好，买了几家，这家品质最好
藏家乐那曲冬虫夏草西藏野生虫草20根 礼盒包装 年货送礼 5根/克,冬虫夏草礼盒好看不，性价比怎么样,可以的
藏家乐那曲冬虫夏草西藏野生虫草20根 礼盒包装 年货送礼 5根/克,这款礼盒送人怎么样，过年准备送领导。,可以的
藏家乐那曲冬虫夏草西藏野生虫草20根 礼盒包装 年货送礼 5根/克,朋友买了说是掺假的，还有同意这观点的没有？,小人，一辈子也就这样
【假一赔十】藏家乐西藏那曲冬虫夏草 野生虫草正品5根/g,质量怎么样,给老人吃的补品这东西吗！一两个是不管用的我们是长期吃的大概吃了有两年了
【假一赔十】藏家乐西藏那曲冬虫夏草 野生虫草正品5根/g,能泡洒喝吗？,我是炖瘦肉吃的
【假一赔十】藏家乐西藏那曲冬虫夏草 野生虫草正品5根/g,货正价实吗,保证正品，那曲的哦
【假一赔十】藏家乐西藏那曲冬虫夏草 野生虫草正品5根/g,是真的吗，效果怎么样,质量不错但比较贵。
【假一赔十】藏家乐西藏那曲冬虫夏草 野生虫草正品5根/g,这是真的那曲虫草吗？托请走开！谢谢！,应该是真的，我同学托我买的，她家长期都在吃，这个店也是她发过来给我的。
【假一赔十】藏家乐西藏那曲冬虫夏草 野生虫草正品5根/g,是正品吗,应该是正品，挺好的
【假一赔十】藏家乐西藏那曲冬虫夏草 野生虫草正品5根/g,怎么头那里颜色不一？是正品吗,是的
【假一赔十】藏家乐西藏那曲冬虫夏草 野生虫草正品5根/g,虫草吃了真的可以增强免疫力吗,是吧，
【假一赔十】藏家乐西藏那曲冬虫夏草 野生虫草正品5根/g,一克能吃多少次？,煲汤一次……泡茶饮两到三次……
【假一赔十】藏家乐西藏那曲冬虫夏草 野生虫草正品5根/g,是什么气味的,我闻觉得是一种菌香味，挺好闻的
【假一赔十】藏家乐西藏那曲冬虫夏草 野生虫草正品5根/g,大家有没有折断看看有没有v字消化线或者黑点啊,有的呢
【假一赔十】藏家乐西藏那曲冬虫夏草 野生虫草正品5根/g,这个冬虫夏草怎么样？,个人觉得很不错呢，比药店同质量的价格便宜好多
【假一赔十】藏家乐西藏那曲冬虫夏草 野生虫草正品5根/g,大家感觉这里的冬虫夏草怎么样？货真价实吗,这家虫草品质还是可信的
【假一赔十】藏家乐西藏那曲冬虫夏草 野生虫草正品5根/g,新鲜的是不是不好存放容易坏,冰箱冷藏
冬虫夏草正品野生冬虫草西藏那曲新鲜虫草顺丰4根1克无断草正宗,买10送5怎么理解？,买10克送5条
冬虫夏草正品野生冬虫草西藏那曲新鲜虫草顺丰4根1克无断草正宗,是真的冬虫夏草吗，怎么辨别,是 跟你去实体专卖店买的 吃口感对比
冬虫夏草正品野生冬虫草西藏那曲新鲜虫草顺丰4根1克无断草正宗,亲们，一盒几根啊,买1克有4根，以此类推
冬虫夏草正品野生冬虫草西藏那曲新鲜虫草顺丰4根1克无断草正宗,一根几厘米,买10送10的吗？三厘米左右吧，个人觉得值得入手比实体店便宜
冬虫夏草正品野生冬虫草西藏那曲新鲜虫草顺丰4根1克无断草正宗,适合什么人群吃,提高免疫力 养生
冬虫夏草正品野生冬虫草西藏那曲新鲜虫草顺丰4根1克无断草正宗,适合什么人群吃,没事也可以吃啊
冬虫夏草正品野生冬虫草西藏那曲新鲜虫草顺丰4根1克无断草正宗,这款正宗吗,我买过两次
冬虫夏草正品野生冬虫草西藏那曲新鲜虫草顺丰4根1克无断草正宗,它什么味道？苦么？,有一点腥味，但是很正常，已经购买很多次了
冬虫夏草正品野生冬虫草西藏那曲新鲜虫草顺丰4根1克无断草正宗,这个怎么长的像蚕宝宝，一模一样的？像僵蚕？手感摸上去是草药的感觉吗？,是真的
冬虫夏草正品野生冬虫草西藏那曲新鲜虫草顺丰4根1克无断草正宗,是冻干草还是晒干草,我们是那曲一手货源，正宗那曲冬虫夏草，是天然晾晒干的！品质绝对保证，假一赔十！
冬虫夏草正品4条/克野生玉树冬虫草无断礼盒东1克4根西藏那曲虫草,分量足吗，效果真的好吗，实话实说哦,是正品，品质很不错！卖家发货前拍了称重图给我，说多称了0.13克。毕竟第一次买，不怎么放心，收到后自己也称了一下，确实多出一点点，干度也好！可以相信
冬虫夏草正品4条/克野生玉树冬虫草无断礼盒东1克4根西藏那曲虫草,是真的吗？,是真的，买了两次了，他们的虫草和黑枸杞品质都很好，老板人实在，信得过
冬虫夏草正品4条/克野生玉树冬虫草无断礼盒东1克4根西藏那曲虫草,是正品吗,是的
冬虫夏草正品4条/克野生玉树冬虫草无断礼盒东1克4根西藏那曲虫草,购买过的虫草是不是正品,应该是的，我同事也买过了，她家每年吃虫草的
冬虫夏草正品4条/克野生玉树冬虫草无断礼盒东1克4根西藏那曲虫草,虫草质量怎么样？,我已经买了两次了，以前在药店买和专卖店买的，这家店的品质很好，值这个价！老板人也不错。信的过
冬虫夏草正品4条/克野生玉树冬虫草无断礼盒东1克4根西藏那曲虫草,买过的亲们，虫草怎么样？正宗吗？,还行，挺正宗的，吃着效果不错。
冬虫夏草正品4条/克野生玉树冬虫草无断礼盒东1克4根西藏那曲虫草,冬虫夏草怎么样,吃了一段时间，效果不错，品质很好，很饱满，干度也好，没有变质穿竹签之类的，商家挺诚信
冬虫夏草正品4条/克野生玉树冬虫草无断礼盒东1克4根西藏那曲虫草,这个是现挖的还是冷冻的？貌似过了季节,不错，我感觉挺好的，
新草 正宗虫草非高海拔西藏那曲冬虫夏草 野生大断草 正品头草,感觉评论图，看着很假，买过的人能否回到到底真假,货还是挺不错的，价格实惠！量嘛！反正也称不了，不肯定足不足称。反正虫草这东西不是看着挖，谁保证是哪里，是否高海拔，反正我觉得还可以。
新草 正宗虫草非高海拔西藏那曲冬虫夏草 野生大断草 正品头草,是冬虫夏草吗?有药检验报告吗？,假的
新草 正宗虫草非高海拔西藏那曲冬虫夏草 野生大断草 正品头草,是不是亚香棒虫草,不是哦亲
新草 正宗虫草非高海拔西藏那曲冬虫夏草 野生大断草 正品头草,冬虫夏草是否正货？,我是买过一点尝试、应该是产地不同、正不正品不懂、低海拔的
自然野生虫草断草非高海拔青海玉树西藏那曲冬虫夏草头期草包邮,是真的吗？这么便宜,是真的，有消化
自然野生虫草断草非高海拔青海玉树西藏那曲冬虫夏草头期草包邮,是不是青海西藏产的  产地差别 价值很大的  确认产地吗,你好亲西藏那曲、青海玉树产地的虫草广告很全面、价格自然也要高很多，全世界虫草大约有500多种虫草、只是中低海拔地区的虫草不为大家熟知，其实功效基本一致的。
自然野生虫草断草非高海拔青海玉树西藏那曲冬虫夏草头期草包邮,中间有黑线吗？,V型或O型或黑点，不规则消化腺
自然野生虫草断草非高海拔青海玉树西藏那曲冬虫夏草头期草包邮,各位亲们 有红眼睛和消化腺吗？,有
自然野生虫草断草非高海拔青海玉树西藏那曲冬虫夏草头期草包邮,看评论照片这家虫草应该很次的样子，效果好吗？我泡酒用,不会啊，我觉得品相挺好的！
自然野生虫草断草非高海拔青海玉树西藏那曲冬虫夏草头期草包邮,一直在老马家买正宗藏草，请问买过的虫草泡水后有没有用纸擦表面，发现掉颜色？,只要是虫草，都会有一定程度的掉色，只是虫草产地海拔高低不同，自然不同。价格自然也不同。
自然野生虫草断草非高海拔青海玉树西藏那曲冬虫夏草头期草包邮,是真的虫草吗,可以的
自然野生虫草断草非高海拔青海玉树西藏那曲冬虫夏草头期草包邮,是不是正宗的虫草,不太会看，随便吃的。
【西藏怀慈堂】冬虫夏草正品西藏那曲虫草4根/g新鲜冬虫夏草野生,是正品吗？,这家的冬虫夏草是真的，我已经拿去同仁堂给看了，很不错，值得购买
【西藏怀慈堂】冬虫夏草正品西藏那曲虫草4根/g新鲜冬虫夏草野生,亲们这家好吗,挺好的
【西藏怀慈堂】冬虫夏草正品西藏那曲虫草4根/g新鲜冬虫夏草野生,小孩可以吃吗,可以 少吃吧。 但@家是霾 不太好
【西藏怀慈堂】冬虫夏草正品西藏那曲虫草4根/g新鲜冬虫夏草野生,这个大小匀吗？干不干净？谁能回答下，谢谢,大小均匀呢，很不错，虫草商家收拾的很干净，没有泥土，可以直接吃
【西藏怀慈堂】冬虫夏草正品西藏那曲虫草4根/g新鲜冬虫夏草野生,多少跟啊？,4根
【西藏怀慈堂】冬虫夏草正品西藏那曲虫草4根/g新鲜冬虫夏草野生,对关节炎和背部腰肌劳损有没有帮助,没把。腰肌劳损，应当服用活血化瘀药物治疗，用提高免疫力的方法治疗凑效不大。
【西藏怀慈堂】冬虫夏草正品西藏那曲虫草4根/g新鲜冬虫夏草野生,有断的吗,没有 还不错
【西藏怀慈堂】冬虫夏草正品西藏那曲虫草4根/g新鲜冬虫夏草野生,虫草怎么用,直接加点水用杯隔水炖二三十分钟
【西藏怀慈堂】冬虫夏草正品西藏那曲虫草4根/g新鲜冬虫夏草野生,虫草怎么用,"1、炖汤。可以跟乌鸡、老鸭、甲鱼等一起炖着吃。大概一次放3-7根
2、泡茶。一次泡1-2根，泡3次以上之后，可以嚼着吃
3、泡酒。买点比较优质的白酒，1斤酒泡5-10克，跑5天以上就可以喝了，泡的越久越好，最后吃了。
4、打粉。我们可以免费给您打粉，然后冲着开水喝，或者加到汤里边，也可以直接服用，大概一次0.3克-0.5克（都是1天1次哦）"
【西藏怀慈堂】冬虫夏草正品西藏那曲虫草4根/g新鲜冬虫夏草野生,请问159元有几条冬虫草啊,4条
【西藏怀慈堂】冬虫夏草正品西藏那曲虫草4根/g新鲜冬虫夏草野生,这是那曲哪个地方的虫草啊？,西藏
【西藏怀慈堂】冬虫夏草正品西藏那曲虫草4根/g新鲜冬虫夏草野生,老父亲哮喘，不知有用吗,哮喘是肺不好，虫草也是补肺的
【西藏怀慈堂】冬虫夏草正品西藏那曲虫草4根/g新鲜冬虫夏草野生,是真的冬虫夏草吗？,正宗那曲虫草哦
【西藏怀慈堂】冬虫夏草正品西藏那曲虫草4根/g新鲜冬虫夏草野生,冬虫夏草可以泡酒吗,应该可以的，我们是蒸着吃的
【西藏怀慈堂】冬虫夏草正品西藏那曲虫草4根/g新鲜冬虫夏草野生,这么便宜，不可能是西藏那曲？，还每g4根很大的哦？？？？,种植的
【西藏怀慈堂】冬虫夏草正品西藏那曲虫草4根/g新鲜冬虫夏草野生,怎么样？,挺好的啊
【西藏怀慈堂】冬虫夏草正品西藏那曲虫草4根/g新鲜冬虫夏草野生,是正宗的那曲虫草吗？,不知道
【买10送1】呀啦嗦冬虫夏草正品 青海玉树野生虫草4根/g 藏区直供,质量如何,还行吧，比较小
【买10送1】呀啦嗦冬虫夏草正品 青海玉树野生虫草4根/g 藏区直供,质量怎么样,很好
【买10送1】呀啦嗦冬虫夏草正品 青海玉树野生虫草4根/g 藏区直供,2克大约是有几条？,8条
【买10送1】呀啦嗦冬虫夏草正品 青海玉树野生虫草4根/g 藏区直供,4条是多少？,就是一个根连着四个算四个
【买10送1】呀啦嗦冬虫夏草正品 青海玉树野生虫草4根/g 藏区直供,对渡劫有帮助吗,是元婴期吗？
【买10送1】呀啦嗦冬虫夏草正品 青海玉树野生虫草4根/g 藏区直供,有异味吗？,没有异味，我连续买三年了
【买10送1】呀啦嗦冬虫夏草正品 青海玉树野生虫草4根/g 藏区直供,是正品吗？,看上去像
【买10送1】呀啦嗦冬虫夏草正品 青海玉树野生虫草4根/g 藏区直供,这家的是正品吗,是，有点小
【买10送1】呀啦嗦冬虫夏草正品 青海玉树野生虫草4根/g 藏区直供,请问看起来很小吗,冬虫夏草本来就很小，你想要多大
【买10送1】呀啦嗦冬虫夏草正品 青海玉树野生虫草4根/g 藏区直供,感觉出来效果吗,吃了5g了，效果慢慢出来了，以前身体很虚，现在我晚上睡觉至少不盗汗了，滋补贵在坚持
【买10送1】呀啦嗦冬虫夏草正品 青海玉树野生虫草4根/g 藏区直供,小孩能吃吗？,小孩吃虫草太补了，吃太子吧。温和一点
【买10送1】呀啦嗦冬虫夏草正品 青海玉树野生虫草4根/g 藏区直供,好吃吗？能拌饭么？,拌饭？太奢侈了吧，我都泡水喝
【买10送1】呀啦嗦冬虫夏草正品 青海玉树野生虫草4根/g 藏区直供,这个怎么样吃比较合适 一次吃多少,建议煮水、煲汤都可以哦。每次1克左右哦
【买10送1】呀啦嗦冬虫夏草正品 青海玉树野生虫草4根/g 藏区直供,冬虫夏草怎样吃,煲汤喝的，其他不晓得
【买10送1】呀啦嗦冬虫夏草正品 青海玉树野生虫草4根/g 藏区直供,吃这个能不能正常驾驶我的兰布基尼,我的布加迪刚换成了恩佐 你觉得可好？
【买10送1】呀啦嗦冬虫夏草正品 青海玉树野生虫草4根/g 藏区直供,这东西做什么用？能让小弟弟变大么？,吃了能长生不老
【买10送1】呀啦嗦冬虫夏草正品 青海玉树野生虫草4根/g 藏区直供,各位凭良心说话 这是真的冬虫夏草吗 谢谢了,同问
【买10送1】呀啦嗦冬虫夏草正品 青海玉树野生虫草4根/g 藏区直供,一次要吃几根呀？,一次吃三根
【买10送1】呀啦嗦冬虫夏草正品 青海玉树野生虫草4根/g 藏区直供,一次要吃几根,煮水喝500ml水一般放3-4根，炖排骨约10根，用的量可以自己的喜好来定哦
2017冬虫夏草3根条1克 精选正品生青海玉树西藏那曲礼盒装无断草,这款大小怎么样？品质如何，要送礼的话选这个合适吗？,"这个 挺大的 品质也很好 细节方面比别家的好多了， 送礼的话也是非常合适的 
我面前拿了两套礼盒  都送走了 很满意"
2017冬虫夏草3根条1克 精选正品生青海玉树西藏那曲礼盒装无断草,虫草是直接炖汤吗？,亲可以直接炖汤的，但是建议是将主料炖熟之后，再放入冬虫夏草，文火炖 5-10分钟就可以吃了!
2017冬虫夏草3根条1克 精选正品生青海玉树西藏那曲礼盒装无断草,怎么喝呢,泡酒喝
5克（4根1克）年货中秋礼盒正品 冬虫夏草那曲玉树野生虫草礼盒,大小均匀吗，有礼盒吗,有礼盒的，大小均匀，虫草不大
5克（4根1克）年货中秋礼盒正品 冬虫夏草那曲玉树野生虫草礼盒,虫草是正品吗，礼盒好看吗？,是正品，礼盒个人觉得还是可以的
5克（4根1克）年货中秋礼盒正品 冬虫夏草那曲玉树野生虫草礼盒,请问虫草是真的吗,怎么还会有假的？
西藏那曲冬虫夏草正品野生礼盒装巴青冬虫草王5根/克,是正品吗？,应该是的吧，发货地点在西藏
西藏那曲冬虫夏草正品野生礼盒装巴青冬虫草王5根/克,这个是正品吗？！实体店买都不放心何况网上,真假不确定。担心的话千万不要买，成了心病就不好治了。
西藏那曲冬虫夏草正品野生礼盒装巴青冬虫草王5根/克,这166元能买几根,十八根，个不大
西藏那曲冬虫夏草正品野生礼盒装巴青冬虫草王5根/克,这一百多是1克还是10克啊,买10克送1克
西藏那曲冬虫夏草正品野生礼盒装巴青冬虫草王5根/克,怎么用！可以排除毒素吗~,主要保健用
西藏那曲冬虫夏草正品野生礼盒装巴青冬虫草王5根/克,怎么吃呢,打粉泡水喝
西藏那曲冬虫夏草正品野生礼盒装巴青冬虫草王5根/克,怎么吃的,"冬虫夏草的吃法
 1、炖汤。可以跟乌鸡、老鸭、甲鱼等一起炖着吃。大概一次放2-3根
2、煮水。一次泡1-2根，泡3次以上之后，可以嚼着吃
3、泡酒。买点比较优质的白酒，1斤酒泡5-10根，跑5天以上就可以喝了，泡的越久越好，最后吃了。
4、打粉。我们可以免费给您打粉，然后冲着开水喝，或者加到汤里边，也可以直接服用，大概一次0.3克-0.5克（都是1天1次哦）
这几种方法都是常用的，其中打粉效果最好，吸收充分，再搭配灵芝相对来说效果比较好。"
西藏那曲冬虫夏草正品野生礼盒装巴青冬虫草王5根/克,谁知道怎样分辨 虫草产地,他家虫草性价比还行…当然你想买很好的…这个价格也买不来…毕竟价格摆在那…那曲和青海的草好像眼睛颜色不同
西藏那曲冬虫夏草正品野生礼盒装巴青冬虫草王5根/克,这是哪里的虫草,是从西藏那边发出来的
西藏那曲冬虫夏草正品野生礼盒装巴青冬虫草王5根/克,真的可以变成虫子吗，可以养吗,怎么可能，直接吃不是养
西藏那曲冬虫夏草正品野生礼盒装巴青冬虫草王5根/克,请问这价格的话是有多少条？,5-6条
西藏那曲冬虫夏草正品野生礼盒装巴青冬虫草王5根/克,请问一下，大伙儿掰开能看到v线吗？,不好意思，我也不懂，帮别人买的
西藏那曲冬虫夏草正品野生礼盒装巴青冬虫草王5根/克,冬虫夏草有什么做用。,清补
西藏那曲冬虫夏草正品野生礼盒装巴青冬虫草王5根/克,究竞有啥作用?,保健品
晨曦 西藏那曲冬虫夏草礼盒 4克/24条装 虫草正品实木礼盒,虫草是真的吗？效果怎么样？,每年都来买送人，虽然不曾自己吃，但你如果看过药店卖的之后再来看这个，我相信你会满意的
晨曦 西藏那曲冬虫夏草礼盒 4克/24条装 虫草正品实木礼盒,大家觉得怎样,包装不错，只是个小，送人可以
【买2送1】冬虫夏草正品 野生虫草 礼盒4根/克5克20根顺丰无断草,是不是真货啊？品质怎么样,正品，品质还可以
【买2送1】冬虫夏草正品 野生虫草 礼盒4根/克5克20根顺丰无断草,怎么样啊,可以啊，买点红酒买点草，过年送礼。
【买2送1】冬虫夏草正品 野生虫草 礼盒4根/克5克20根顺丰无断草,炖鸡用几根比较好？能和乌鸡一起炖吗？,一人两到三根，如有不舒服的情况需补可加到四根，只要是肉类都行。
【买2送1】冬虫夏草正品 野生虫草 礼盒4根/克5克20根顺丰无断草,质量怎么样,还不错，挺好
【买2送1】冬虫夏草正品 野生虫草 礼盒4根/克5克20根顺丰无断草,这个怎么吃呀,用保温杯90度开水泡着喝，店里教的，久煮效果并不太好
【买2送1】冬虫夏草正品 野生虫草 礼盒4根/克5克20根顺丰无断草,质量没问题吧？确保正品吗？,买了两次，没什么问题，还挺好的。
【买2送1】冬虫夏草正品 野生虫草 礼盒4根/克5克20根顺丰无断草,壮阳？这个草，真那么神奇？,效果还可以
【买2送1】冬虫夏草正品 野生虫草 礼盒4根/克5克20根顺丰无断草,有什么功效,这个还是百度吧
【买2送1】冬虫夏草正品 野生虫草 礼盒4根/克5克20根顺丰无断草,东西怎么样,不错，过年买点送礼不比烟酒差。
晨曦 代表性西藏那曲冬虫夏草5克20根装 正品野生虫草礼盒装,是正品吗,买了送人的
晨曦 代表性西藏那曲冬虫夏草5克20根装 正品野生虫草礼盒装,各位亲，是正品吗谢谢,送人的。
晨曦 代表性西藏那曲冬虫夏草5克20根装 正品野生虫草礼盒装,这是西藏的还是青海的？买过的哪位可以告诉一下效果跟质量？,才开始吃，效果还不清楚
晨曦 代表性西藏那曲冬虫夏草5克20根装 正品野生虫草礼盒装,会不会觉得这产品有过度包装之嫌？产品质量没有真的那么好呢？,亲产品质量您可以放心哦！我们是真正的那曲野生冬虫夏草哦！干度，清洁度 都是非常好的哦！所以质量这块您可以放心的！
晨曦 代表性西藏那曲冬虫夏草5克20根装 正品野生虫草礼盒装,有保质期，不能放久吗,随着活性流失肯定是新鲜的好了
晨曦 代表性西藏那曲冬虫夏草5克20根装 正品野生虫草礼盒装,这虫草品质如何,还没吃，看着不错！
晨曦 代表性西藏那曲冬虫夏草5克20根装 正品野生虫草礼盒装,请问你们虫草是不是真的，虫草大小如何？你们吃了有什么反映没有。,外观看还是很好，个头不算大
晨曦 代表性西藏那曲冬虫夏草5克20根装 正品野生虫草礼盒装,不知道是不是真品,偶是送人滴
晨曦 代表性西藏那曲冬虫夏草5克20根装 正品野生虫草礼盒装,我感觉还是便宜了。。。毕竟20根？,我送人了，自己没吃过
1克5根 冬虫夏草玉树野生正品虫草5条/克那曲礼盒 1克装,有没有熏过,保证没有熏染呢
1克5根 冬虫夏草玉树野生正品虫草5条/克那曲礼盒 1克装,是正宗的吗,腥味比较重，我经常吃虫草，能确定是正宗的
1克5根 冬虫夏草玉树野生正品虫草5条/克那曲礼盒 1克装,体质差的怎么吃最合适？,泡水，炖肉喝比较好呢
东仔 西藏直发那曲冬虫夏草断草正品野生正宗虫草断草一克装,可以生吃吗,炖汤喝好的，那卖家告诉你的大小与收到货差太多，诚信有问题。
东仔 西藏直发那曲冬虫夏草断草正品野生正宗虫草断草一克装,是真的曲虫吗？头多还是后身多,别买，卖家说的话不可信，诚信有问题。
东仔 西藏直发那曲冬虫夏草断草正品野生正宗虫草断草一克装,吃了是否能长生不老吗？,将来用它做成智能芯片的其中一种材料，植入人体，估计有这可能
东仔 西藏直发那曲冬虫夏草断草正品野生正宗虫草断草一克装,是正品吗？虫体大吗,不大，但是正品
东仔 西藏直发那曲冬虫夏草断草正品野生正宗虫草断草一克装,一克多少根,那是断草，估计加起来3到4条左右吧，自己用还行
东仔 西藏直发那曲冬虫夏草断草正品野生正宗虫草断草一克装,请问是真的吗，一克有几根，觉得有效果吗,以前我在药店买的，吃了两年不会感冒。
东仔 西藏直发那曲冬虫夏草断草正品野生正宗虫草断草一克装,会有苦的吗？,不苦，很细微的一小点腥味。
东仔 西藏直发那曲冬虫夏草断草正品野生正宗虫草断草一克装,会有苦的吗？,不苦，煮水喝
东仔 西藏直发那曲冬虫夏草断草正品野生正宗虫草断草一克装,这虫草是正宗那曲虫草吗,是，店家很实在
东仔 西藏直发那曲冬虫夏草断草正品野生正宗虫草断草一克装,怎么使用,先用牙刷清洗一下，把泥土除掉，拿去煲汤。汤煲好了，把虫草一并吃掉。
藏家乐西藏那曲冬虫夏草野生虫草10根装年货送礼 礼盒装 5根/克,这个能对肿瘤病人有疗效吗,我是送人的
藏家乐西藏那曲冬虫夏草野生虫草10根装年货送礼 礼盒装 5根/克,怎么食用,"1、炖汤。可以跟乌鸡、老鸭、甲鱼等一起炖着吃。大概一次放3-7根
2、泡茶。一次泡1-2根，泡3次以上之后，可以嚼着吃
3、泡酒。买点比较优质的白酒，1斤酒泡5-10克，泡5天以上就可以喝了，泡的越久越好，最后吃了。
4、打粉。我们可以免费给您打粉，然后冲着开水喝，或者加到汤里边，也可以直接服用，大概一次0.3克-0.5克（都是1天1次哦）
这几种方法都是顾客常用的，其中打粉效果最好，吸收充分，再搭配灵芝相对来说效果比较好哦"
冬虫夏草西藏那曲野生东正品虫草4条/克无断草冬虫草青海玉树礼盒,很苦吗   有回甘不？！亲！,有点，还好
【5克装】4条1克正宗西藏那曲冬虫夏草正品野生天然虫草礼盒装,断头有什么不一样,就是不是完整的一根咯，但是功效一样，如果不是送人的话，可以买，性价比高。
【5克装】4条1克正宗西藏那曲冬虫夏草正品野生天然虫草礼盒装,这个一般吃多久好,要坚持吧哦
秦仁堂冬虫夏草5-6条/克野生正品 玉树西藏那曲礼盒冬虫草东,大家都是买几克？,我买了11克，是10克送克的，价格比这个贵
秦仁堂冬虫夏草5-6条/克野生正品 玉树西藏那曲礼盒冬虫草东,请问是真虫草吗？品质如何 划算吗,没什么感觉
秦仁堂冬虫夏草5-6条/克野生正品 玉树西藏那曲礼盒冬虫草东,东西怎么样？是真的吗？,是真的，可是有点辣味，不知道怎么回事
秦仁堂冬虫夏草5-6条/克野生正品 玉树西藏那曲礼盒冬虫草东,这个是自己养殖的吗？吃了有什么好处？,估计不是人工的
秦仁堂冬虫夏草5-6条/克野生正品 玉树西藏那曲礼盒冬虫草东,是野生虫草吗？,我也不认识
秦仁堂冬虫夏草5-6条/克野生正品 玉树西藏那曲礼盒冬虫草东,这主要是调理什么的,跟保健品差不多
秦仁堂冬虫夏草5-6条/克野生正品 玉树西藏那曲礼盒冬虫草东,嚼起来鲜吗,这是干草呀，不是鲜草，闻着有一股菌类的味道，嚼起来有点劲道
【买10克送1克】青海玉树野生冬虫夏草正品虫草西藏那曲 4根1克,这家的虫草质量怎么样  干度好吗？,挺好的我长期吃虫草的 我一直在这家买 正宗的腥味儿很大，干度也很好。
【买10克送1克】青海玉树野生冬虫夏草正品虫草西藏那曲 4根1克,谁知道虫草都有哪些效果？可以治疗贫血吗,听说对早期癌症有化疗的功效 对身体免疫力提高补身子很好的
【买10克送1克】青海玉树野生冬虫夏草正品虫草西藏那曲 4根1克,谁买过说一下 冬虫夏草质量咋样？,我买了已经好多次了，虫草可以都很饱满颜色靓，每次发过来的根根都是精选的没有发现瘪草和颜色差的，用手捏起来很结实，老板人大方热心很负责任
【买10克送1克】青海玉树野生冬虫夏草正品虫草西藏那曲 4根1克,谁能告诉，怎么吃,虫草吃法很多，泡酒 煮粥 泡茶 煲汤 蒸食都可以，我一般就是泡水用西洋参和枸杞一起冲泡喝 还有就是蒸食把鸡肉斩小块 姜切丝 葱切碎和虫草一起煮熟后吃的。是医师教我这样经常吃的 本来我免疫力不行肾不好 现在比以前好了很多
【买10克送1克】青海玉树野生冬虫夏草正品虫草西藏那曲 4根1克,有没有被洗过？？,给别人买的，不清楚，没问过
【买10克送1克】青海玉树野生冬虫夏草正品虫草西藏那曲 4根1克,我也想知道怎么吃,炖汤，泡酒泡茶  都可以
青海索南才让 玉树冬虫夏草野生虫草王正品5克包顺丰 每克4条,里面有几条,这是四条一克的
青海索南才让 玉树冬虫夏草野生虫草王正品5克包顺丰 每克4条,请问：买过的亲们这个冬虫夏草是正品吗？,是正野生的
青海索南才让 玉树冬虫夏草野生虫草王正品5克包顺丰 每克4条,主要是管什么病,您好：冬虫夏草主要针对肺脏和肾脏系统疾病调理，对提高身体综合免疫力比较好的效果，，及针对肿瘤化疗的辅助治疗。具体的您可以搜索查询，会有比较全面的解释。
阿依舍西藏那曲冬虫夏草正品野生巴青冬虫草礼盒装5根/克,一份有多少克？,一克（共5根）价格168元。
阿依舍西藏那曲冬虫夏草正品野生巴青冬虫草礼盒装5根/克,这个玩意可以非胸吗？,丰胸吃葛根
阿依舍西藏那曲冬虫夏草正品野生巴青冬虫草礼盒装5根/克,质量如何？,买了好几家…相比来说…同价位里面这家和紫蓝花海好一点…再便宜的就很假了…虽然销量很高…我都退了
阿依舍西藏那曲冬虫夏草正品野生巴青冬虫草礼盒装5根/克,一份是多少克,1克
阿依舍西藏那曲冬虫夏草正品野生巴青冬虫草礼盒装5根/克,159有多少条？,5条
阿依舍西藏那曲冬虫夏草正品野生巴青冬虫草礼盒装5根/克,有几条？,要看买什么规格的，怎么送
阿依舍西藏那曲冬虫夏草正品野生巴青冬虫草礼盒装5根/克,有把肺补好的吗,这个是增强免疫力的
阿依舍西藏那曲冬虫夏草正品野生巴青冬虫草礼盒装5根/克,泡酒有较吗,我就是买来给我爸爸泡酒的，我爸爸说很不错的
阿依舍西藏那曲冬虫夏草正品野生巴青冬虫草礼盒装5根/克,泡酒有没有效果,长期吃，效果反正也就这样，想知道有没有效果要具体一年以后现在说有效果都感觉不出来哦
阿依舍西藏那曲冬虫夏草正品野生巴青冬虫草礼盒装5根/克,这家的是不是正品?,是
阿依舍西藏那曲冬虫夏草正品野生巴青冬虫草礼盒装5根/克,亲、这个是不是正品、,还是不错的，应该说性价比高
阿依舍西藏那曲冬虫夏草正品野生巴青冬虫草礼盒装5根/克,现在买是新的吗？,不会看
阿依舍西藏那曲冬虫夏草正品野生巴青冬虫草礼盒装5根/克,虫草好吗,我感觉不错
阿依舍西藏那曲冬虫夏草正品野生巴青冬虫草礼盒装5根/克,请问是不是真货,有些我掰开看没有消化腺，颜色很好，药店的很多里面有断草加牙签，更坏
阿依舍西藏那曲冬虫夏草正品野生巴青冬虫草礼盒装5根/克,吃这个能长生不老吗？,看你自己身体情况了啊
阿依舍西藏那曲冬虫夏草正品野生巴青冬虫草礼盒装5根/克,这个冬虫夏草，是真的吗？怎么吃呀？,真的嘛，煮鸡汤吃，一次放一两根
阿依舍西藏那曲冬虫夏草正品野生巴青冬虫草礼盒装5根/克,是真的嘛？,是真的
阿依舍西藏那曲冬虫夏草正品野生巴青冬虫草礼盒装5根/克,大家怎么保存?,放冰箱  煲汤 泡茶的时候拿出来
阿依舍西藏那曲冬虫夏草正品野生巴青冬虫草礼盒装5根/克,吃这个对身体有什么好处，三高的人能服用吗,应该可以吧，我买给爸妈吃的，她们说很补
阿依舍西藏那曲冬虫夏草正品野生巴青冬虫草礼盒装5根/克,虫草要吃多少才会有效啊！,我是用来泡酒喝的
阿依舍西藏那曲冬虫夏草正品野生巴青冬虫草礼盒装5根/克,这玩意比黄金还贵，真是是仙草？,这个价格不贵了，长期服用，真的有效果
阿依舍西藏那曲冬虫夏草正品野生巴青冬虫草礼盒装5根/克,一直买福临门虫草 请问这个有福临门虫草味道正吗,这个虫草是真的
阿依舍西藏那曲冬虫夏草正品野生巴青冬虫草礼盒装5根/克,请问亲们，这个是真的冬虫草来的,吃着是真的，五根一克，跟外面买的1400元十克差不多大
阿依舍西藏那曲冬虫夏草正品野生巴青冬虫草礼盒装5根/克,有什么作用,还行吧
阿依舍西藏那曲冬虫夏草正品野生巴青冬虫草礼盒装5根/克,夏草有什么作用啊,应该没什么作用，纯属个人看法。还不如多吃些牛、羊、土鸡鸭。
阿依舍西藏那曲冬虫夏草正品野生巴青冬虫草礼盒装5根/克,是不是泡过的,没有泡过的，是正品
【5克装】3条1克正宗西藏那曲冬虫夏草正品野生天然虫草礼盒装,请问是正品吗，质量怎么样,确实是真的正品，挺不错的，质量不错，和描述一样
【5克装】3条1克正宗西藏那曲冬虫夏草正品野生天然虫草礼盒装,这个口感怎么样，东西是真的麽,还可以 买了几次了
【5克装】3条1克正宗西藏那曲冬虫夏草正品野生天然虫草礼盒装,味道如何,口感不错
藏秘珍坊西藏那曲冬虫夏草野生正品短巴子头期虫草非断草2-3条/克,能治高血压吗？,当药肯定不行
藏秘珍坊西藏那曲冬虫夏草野生正品短巴子头期虫草非断草2-3条/克,你这有买186元大概几根虫草,一克有2~3条，个头挺大的，比别家买的3~4条的大得多
藏秘珍坊西藏那曲冬虫夏草野生正品短巴子头期虫草非断草2-3条/克,208元有几根,这是活动价格 3条一克
藏秘珍坊西藏那曲冬虫夏草野生正品短巴子头期虫草非断草2-3条/克,肾虚的人可以吃么？,是正品；质量挺好
藏秘珍坊西藏那曲冬虫夏草野生正品短巴子头期虫草非断草2-3条/克,怎么吃啊？泡水可以吗？一次一根？,我买来部分给父亲泡高梁酒，部分拿来煮水喝。大的一次一根，小的一次两根。
藏秘珍坊西藏那曲冬虫夏草野生正品短巴子头期虫草非断草2-3条/克,虫草有什么用？适合什么样的人吃？怎么吃啊？,主要是益肾补肺，调节免疫力，抗癌。细胞修护。用法常见是泡茶用
藏秘珍坊西藏那曲冬虫夏草野生正品短巴子头期虫草非断草2-3条/克,这个对筑基期的散仙有用么？,提升修为
藏秘珍坊西藏那曲冬虫夏草野生正品短巴子头期虫草非断草2-3条/克,是真的吗？品质怎么样,好的 蛮不错的虫草  够大
藏秘珍坊西藏那曲冬虫夏草野生正品短巴子头期虫草非断草2-3条/克,朋友吃过说很有效果，不知道你们都是买多少量？,吃着好玩，没想到效果
虫草4根1克正品2017西藏那曲正宗新鲜野生精选冬虫夏草礼盒无断草,这个有多少根,4根一克
虫草4根1克正品2017西藏那曲正宗新鲜野生精选冬虫夏草礼盒无断草,是正品吗,是正品
虫草4根1克正品2017西藏那曲正宗新鲜野生精选冬虫夏草礼盒无断草,妈妈睡眠不是很好，吃这个有效果吗？,我觉得这家的虫草挺好的，平时吃一点，再配合艾灸试试～我妈妈就是这样做的
虫草4根1克正品2017西藏那曲正宗新鲜野生精选冬虫夏草礼盒无断草,是正宗的吗？,亲 不太懂 感觉是正宗虫草 但是不知道是不是西藏巴青的
虫草4根1克正品2017西藏那曲正宗新鲜野生精选冬虫夏草礼盒无断草,是不是那曲巴青虫草？,几年前去过西藏，虫草是那曲虫草，但是没去过巴青，看店主在巴青收购，而且巴青发的货，应该是正宗巴青的吧
虫草4根1克正品2017西藏那曲正宗新鲜野生精选冬虫夏草礼盒无断草,怎么有人说是尾草，怎么分辨是头草还是尾草,每位买家都希望买到的是草头短的虫草。对于新客户首先要了解我们去藏民家里都是通货收购，回来把瘪草断草去掉，留下的在按大小分，虫草如果单从草头分辨是单一片面的，更何况如果在把一部分草头长的都拿出来，那虫草真的不是这个价位了，所以不要揪着那根是头草那根是尾草去分辨，因为只要不是瘪草断草营养价值其实一样
虫草4根1克正品2017西藏那曲正宗新鲜野生精选冬虫夏草礼盒无断草,说真话，到底怎么样啊？,真的挺好的 有那曲虫草特有的奶香
2017新草现货青海玉树冬虫夏草正品野生精选优质虫草礼盒5克装/件,一盒大概有几个呀,35个
2017新草现货青海玉树冬虫夏草正品野生精选优质虫草礼盒5克装/件,各位，是500块一盒吗？一盒里面大概有多少根,35根，比较小根，自己吃可以，送人的太小了。
2017新草现货青海玉树冬虫夏草正品野生精选优质虫草礼盒5克装/件,是2017新草吗？货品质如何？,确实是今年的新货哦，品质杠杠的！
2017新草现货青海玉树冬虫夏草正品野生精选优质虫草礼盒5克装/件,是正品吗,是正品，我在这买了好几次了
2017新草现货青海玉树冬虫夏草正品野生精选优质虫草礼盒5克装/件,是正品吗,是的，是正品，已经喝了一段时间了，感觉效果真心不错
2017新草现货青海玉树冬虫夏草正品野生精选优质虫草礼盒5克装/件,是次品吗？有没有断的？,老实说5克里有2-3条是瘪的，但比外面实体店卖的品相好太多。没有断的。
2017新草现货青海玉树冬虫夏草正品野生精选优质虫草礼盒5克装/件,这一款里面有没有断的啊,断的倒没有
2017新草现货青海玉树冬虫夏草正品野生精选优质虫草礼盒5克装/件,这视频的人演技可以吗？,可以，不错
2017新草现货青海玉树冬虫夏草正品野生精选优质虫草礼盒5克装/件,视频里的人演技可以吗？,啊，哪里有
2017新草现货青海玉树冬虫夏草正品野生精选优质虫草礼盒5克装/件,这个孕妇能吃吗,不是很清楚了，我朋友怀孕吃了的。你最好问下医生
2017新草现货青海玉树冬虫夏草正品野生精选优质虫草礼盒5克装/件,这个孕妇能吃吗,这个要问医生的，孕妇不能自己乱吃
2017新草现货青海玉树冬虫夏草正品野生精选优质虫草礼盒5克装/件,问一下这个冬虫夏草新鲜吗？,不是新鲜虫草    是今年的新货干草哦   颜色各方面都蛮好的  西西
2017新草现货青海玉树冬虫夏草正品野生精选优质虫草礼盒5克装/件,冬虫夏草有什么用？,吃了对身体好啊，补身体的
2017新草现货青海玉树冬虫夏草正品野生精选优质虫草礼盒5克装/件,想知道大家有没有去验货，真的还是假的,店主有实体店的，应该不会假吧，
2017新草现货青海玉树冬虫夏草正品野生精选优质虫草礼盒5克装/件,是真的嘛，有没有参假一起卖？,没有吧但是也不会认 是真是假 就是买了送人
2017新草现货青海玉树冬虫夏草正品野生精选优质虫草礼盒5克装/件,你们还信这个啊？,可以信，是真品，很迷你，这价格肯定比不上个头大的啦。
1克3根 冬虫夏草玉树野生正品虫草3条/克那曲礼盒 1克装,咋么吃那,泡水，炖肉，煲汤，都可以呢
